Raw_file,Amino_acid,PTM,Amino_acid_count,Conversion_count,Total_abundance_count,Conversion_ratio,Boostrap_mean_converion_ratio,Q95_low,Q95_up
M4,P,Oxidation (P),148,42,49,0.2040087463556851,0.20654514018632453,0.12916371083074918,0.27283879731379734
M5,P,Oxidation (P),521,173,149,0.3116873432309674,0.31028745644851247,0.25507033712474886,0.3503173162689292
