Raw_file,Amino_acid,PTM,Amino_acid_count,Conversion_count,Abundance_count,Conversion_ratio,Boostrap_mean_converion_ratio,Q95_low,Q95_up
M4,P,Oxidation (P),148,42,49,0.2040087463556851,0.20859549260811786,0.1312775848182825,0.27456598814108446
M5,P,Oxidation (P),521,173,149,0.3116873432309674,0.3124497383585915,0.258659782844062,0.3532007649440248
